{
    "anova_results": {
        "zero_crossings": {
            "f_statistic": 0.3712956375915558,
            "p_value": 0.7737616746128697
        },
        "rms_energy": {
            "f_statistic": 0.6002758150583491,
            "p_value": 0.615150281063476
        },
        "spectral_centroids": {
            "f_statistic": 0.4982519533667242,
            "p_value": 0.6836966984920947
        },
        "spectral_rolloffs": {
            "f_statistic": 0.5321568093129447,
            "p_value": 0.6604628182711192
        }
    },
    "tukey_results": {
        "zero_crossings": "    Multiple Comparison of Means - Tukey HSD, FWER=0.05     \n============================================================\n group1  group2  meandiff p-adj    lower      upper   reject\n------------------------------------------------------------\n  Angry   Happy -424.4658  0.728 -1480.8645  631.9329  False\n  Angry Neutral -244.4309  0.933 -1300.8296  811.9678  False\n  Angry     Sad -164.0926 0.9782 -1220.4913  892.3061  False\n  Happy Neutral  180.0349 0.9715  -876.3638 1236.4336  False\n  Happy     Sad  260.3733 0.9204  -796.0254  1316.772  False\nNeutral     Sad   80.3383 0.9973  -976.0604  1136.737  False\n------------------------------------------------------------",
        "rms_energy": " Multiple Comparison of Means - Tukey HSD, FWER=0.05 \n=====================================================\n group1  group2 meandiff p-adj   lower  upper  reject\n-----------------------------------------------------\n  Angry   Happy   0.0019 0.9964 -0.0204 0.0241  False\n  Angry Neutral   0.0092 0.7097 -0.0131 0.0315  False\n  Angry     Sad   0.0088 0.7374 -0.0135 0.0311  False\n  Happy Neutral   0.0073 0.8298 -0.0149 0.0296  False\n  Happy     Sad   0.0069 0.8522 -0.0153 0.0292  False\nNeutral     Sad  -0.0004    1.0 -0.0227 0.0219  False\n-----------------------------------------------------",
        "spectral_centroids": "   Multiple Comparison of Means - Tukey HSD, FWER=0.05   \n=========================================================\n group1  group2 meandiff p-adj    lower    upper   reject\n---------------------------------------------------------\n  Angry   Happy -95.5768 0.7021 -323.9353 132.7818  False\n  Angry Neutral -11.3336 0.9992 -239.6921  217.025  False\n  Angry     Sad -12.4906  0.999 -240.8492 215.8679  False\n  Happy Neutral  84.2432 0.7768 -144.1153 312.6018  False\n  Happy     Sad  83.0862  0.784 -145.2724 311.4447  False\nNeutral     Sad   -1.157    1.0 -229.5156 227.2015  False\n---------------------------------------------------------",
        "spectral_rolloffs": "   Multiple Comparison of Means - Tukey HSD, FWER=0.05    \n==========================================================\n group1  group2  meandiff p-adj    lower    upper   reject\n----------------------------------------------------------\n  Angry   Happy -157.4957 0.8325 -637.8837 322.8924  False\n  Angry Neutral  -95.4214 0.9561 -575.8095 384.9666  False\n  Angry     Sad -226.1368  0.618 -706.5249 254.2512  False\n  Happy Neutral   62.0743 0.9872 -418.3138 542.4623  False\n  Happy     Sad  -68.6412 0.9829 -549.0292 411.7469  False\nNeutral     Sad -130.7154 0.8963 -611.1035 349.6726  False\n----------------------------------------------------------"
    },
    "effect_sizes": {
        "zero_crossings": {
            "matrix": [
                [
                    0.0,
                    0.1541747246042564,
                    0.08425876284646376,
                    0.05491864187108326
                ],
                [
                    -0.1541747246042564,
                    0.0,
                    -0.06430567797020298,
                    -0.09010423814127005
                ],
                [
                    -0.08425876284646376,
                    0.06430567797020298,
                    0.0,
                    -0.02650690786426482
                ],
                [
                    -0.05491864187108326,
                    0.09010423814127005,
                    0.02650690786426482,
                    0.0
                ]
            ],
            "emotions": [
                "Angry",
                "Happy",
                "Neutral",
                "Sad"
            ]
        },
        "rms_energy": {
            "matrix": [
                [
                    0.0,
                    -0.030719299868074472,
                    -0.15667801884949015,
                    -0.14376024377714577
                ],
                [
                    0.030719299868074472,
                    0.0,
                    -0.12087299322512648,
                    -0.10990522519779525
                ],
                [
                    0.15667801884949015,
                    0.12087299322512648,
                    0.0,
                    0.0065475305738565475
                ],
                [
                    0.14376024377714577,
                    0.10990522519779525,
                    -0.0065475305738565475,
                    0.0
                ]
            ],
            "emotions": [
                "Angry",
                "Happy",
                "Neutral",
                "Sad"
            ]
        },
        "spectral_centroids": {
            "matrix": [
                [
                    0.0,
                    0.151638831843365,
                    0.01742845884369265,
                    0.02042250022121645
                ],
                [
                    -0.151638831843365,
                    0.0,
                    -0.13166697755800805,
                    -0.13836973090361618
                ],
                [
                    -0.01742845884369265,
                    0.13166697755800805,
                    0.0,
                    0.0018619040859158048
                ],
                [
                    -0.02042250022121645,
                    0.13836973090361618,
                    -0.0018619040859158048,
                    0.0
                ]
            ],
            "emotions": [
                "Angry",
                "Happy",
                "Neutral",
                "Sad"
            ]
        },
        "spectral_rolloffs": {
            "matrix": [
                [
                    0.0,
                    0.11583080786368978,
                    0.07150730676754069,
                    0.17042321141151098
                ],
                [
                    -0.11583080786368978,
                    0.0,
                    -0.04752076660249403,
                    0.0528587446565628
                ],
                [
                    -0.07150730676754069,
                    0.04752076660249403,
                    0.0,
                    0.10275664089661994
                ],
                [
                    -0.17042321141151098,
                    -0.0528587446565628,
                    -0.10275664089661994,
                    0.0
                ]
            ],
            "emotions": [
                "Angry",
                "Happy",
                "Neutral",
                "Sad"
            ]
        }
    }
}