{
    "file_name": "SM1_F10_A010",
    "processing_steps": {
        "raw_audio": {
            "sampling_rate": 22050,
            "duration": 3.0035374149659866,
            "shape": [
                66228
            ]
        },
        "mel_spectrogram": {
            "shape": [
                80,
                130
            ],
            "min_value": -79.34520721435547,
            "max_value": 0.0
        },
        "processed_features": {
            "shape": [
                1,
                80,
                301
            ],
            "min_value": -3.379943370819092,
            "max_value": 3.223053455352783
        }
    }
}