{
    "anova_results": {
        "basic_features_zero_crossings": {
            "f_statistic": 41.055145192962904,
            "p_value": 4.0343307490556365e-23
        },
        "basic_features_rms_energy": {
            "f_statistic": 132.37384844049933,
            "p_value": 2.122567325906249e-59
        },
        "basic_features_spectral_centroid": {
            "f_statistic": 51.36022398765438,
            "p_value": 4.648041895101916e-28
        },
        "basic_features_spectral_rolloff": {
            "f_statistic": 45.06354282845684,
            "p_value": 4.484205422469994e-25
        },
        "mel_features_mel_mean": {
            "f_statistic": 2.022896553949895,
            "p_value": 0.11014798410263232
        },
        "mel_features_mel_std": {
            "f_statistic": 40.06470427218951,
            "p_value": 1.2455437964412464e-22
        },
        "mel_features_mel_skewness": {
            "f_statistic": 148.89639234461336,
            "p_value": 1.3373355419392016e-64
        },
        "mfcc_features_mfcc_means": {
            "f_statistic": 160.71335154298026,
            "p_value": 3.893354690162426e-68
        },
        "mfcc_features_mfcc_stds": {
            "f_statistic": 8.103788643133582,
            "p_value": 2.9928531937142533e-05
        }
    },
    "effect_sizes": {
        "basic_features_zero_crossings": {
            "matrix": [
                [
                    0.0,
                    0.6704978544064446,
                    1.0725811375606293,
                    -0.5624312042076409
                ],
                [
                    -0.6704978544064446,
                    0.0,
                    0.42596283712970434,
                    -0.9792113969681482
                ],
                [
                    -1.0725811375606293,
                    -0.42596283712970434,
                    0.0,
                    -1.1911814440157253
                ],
                [
                    0.5624312042076409,
                    0.9792113969681482,
                    1.1911814440157253,
                    0.0
                ]
            ],
            "emotions": [
                "Angry",
                "Happy",
                "Neutral",
                "Sad"
            ]
        },
        "basic_features_rms_energy": {
            "matrix": [
                [
                    0.0,
                    1.2718782948037077,
                    -1.3773816736157671,
                    1.3421480144805171
                ],
                [
                    -1.2718782948037077,
                    0.0,
                    -2.0470779189026524,
                    0.45542547147828727
                ],
                [
                    1.3773816736157671,
                    2.0470779189026524,
                    0.0,
                    2.072644788964189
                ],
                [
                    -1.3421480144805171,
                    -0.45542547147828727,
                    -2.072644788964189,
                    0.0
                ]
            ],
            "emotions": [
                "Angry",
                "Happy",
                "Neutral",
                "Sad"
            ]
        },
        "basic_features_spectral_centroid": {
            "matrix": [
                [
                    0.0,
                    0.9298393908888523,
                    1.9640554594710078,
                    -0.4159827947737958
                ],
                [
                    -0.9298393908888523,
                    0.0,
                    0.9069596489299596,
                    -0.8798807550094495
                ],
                [
                    -1.9640554594710078,
                    -0.9069596489299596,
                    0.0,
                    -1.311041320264094
                ],
                [
                    0.4159827947737958,
                    0.8798807550094495,
                    1.311041320264094,
                    0.0
                ]
            ],
            "emotions": [
                "Angry",
                "Happy",
                "Neutral",
                "Sad"
            ]
        },
        "basic_features_spectral_rolloff": {
            "matrix": [
                [
                    0.0,
                    0.815477488021059,
                    1.9887587618199865,
                    -0.35811615675070957
                ],
                [
                    -0.815477488021059,
                    0.0,
                    0.9300935228062932,
                    -0.7582215368081183
                ],
                [
                    -1.9887587618199865,
                    -0.9300935228062932,
                    0.0,
                    -1.2378441124316135
                ],
                [
                    0.35811615675070957,
                    0.7582215368081183,
                    1.2378441124316135,
                    0.0
                ]
            ],
            "emotions": [
                "Angry",
                "Happy",
                "Neutral",
                "Sad"
            ]
        },
        "mel_features_mel_mean": {
            "matrix": [
                [
                    0.0,
                    -0.1467143027777609,
                    0.12043036254749338,
                    0.1370928135280629
                ],
                [
                    0.1467143027777609,
                    0.0,
                    0.32072861776013467,
                    0.3055088011222571
                ],
                [
                    -0.12043036254749338,
                    -0.32072861776013467,
                    0.0,
                    0.04191127764269448
                ],
                [
                    -0.1370928135280629,
                    -0.3055088011222571,
                    -0.04191127764269448,
                    0.0
                ]
            ],
            "emotions": [
                "Angry",
                "Happy",
                "Neutral",
                "Sad"
            ]
        },
        "mel_features_mel_std": {
            "matrix": [
                [
                    0.0,
                    -0.08417568934365768,
                    -1.1024953353803106,
                    0.6882913234835686
                ],
                [
                    0.08417568934365768,
                    0.0,
                    -0.917333522686761,
                    0.7190382875889353
                ],
                [
                    1.1024953353803106,
                    0.917333522686761,
                    0.0,
                    1.2669293103442973
                ],
                [
                    -0.6882913234835686,
                    -0.7190382875889353,
                    -1.2669293103442973,
                    0.0
                ]
            ],
            "emotions": [
                "Angry",
                "Happy",
                "Neutral",
                "Sad"
            ]
        },
        "mel_features_mel_skewness": {
            "matrix": [
                [
                    0.0,
                    -0.7106138212126379,
                    -0.9391366288289439,
                    -2.194664942030471
                ],
                [
                    0.7106138212126379,
                    0.0,
                    -0.1958435410905786,
                    -1.7981069900932132
                ],
                [
                    0.9391366288289439,
                    0.1958435410905786,
                    0.0,
                    -1.7079594747368294
                ],
                [
                    2.194664942030471,
                    1.7981069900932132,
                    1.7079594747368294,
                    0.0
                ]
            ],